ลำดับ,image url,title
1,https://t4.ftcdn.net/jpg/09/76/09/21/360_F_976092121_HX9bBvbEohkNEgKlgSqeWPJ5Fk63gLOQ.jpg,A wedge of parmesan cheese with crumbled pieces, isolated on white background. PNG transparent.
2,https://t4.ftcdn.net/jpg/09/76/09/17/360_F_976091731_FFY2keWKSFM7Yg2uxb3d17wYn2UXU09E.jpg,Stack of chocolate chip cookies, isolated on white background. PNG transparent.
3,https://t4.ftcdn.net/jpg/09/76/09/27/360_F_976092740_Ci9axtsTcT8XxUSPkHc3hC4R8kCaWGY8.jpg,Pine cones and green pine branches arranged together, isolated on a white background. PNG transparent.
4,https://t3.ftcdn.net/jpg/09/77/62/70/360_F_977627083_mJMYF2TLaxEHi2sdALxgKhN1Yi8zBqjw.jpg,Floating red chili peppers on white background. PNG transparent.
5,https://t4.ftcdn.net/jpg/09/84/40/77/360_F_984407791_D2tLl1OcL0y16mQEhZ3MDnjwQT5M4qxf.jpg,Green nurse scrub shirt, isolated on a white background. PNG transparent.
6,https://t4.ftcdn.net/jpg/09/84/40/85/360_F_984408532_MKEtC6SDYAgNKIusD8vLVFifipYf8sng.jpg,Stack of Christmas presents wrapped with red and green ribbons, isolated on a white background. PNG transparent.
7,https://t3.ftcdn.net/jpg/09/76/09/40/360_F_976094091_ninLbD6IiIrmYflTnHhNJ7r4tPcQV8sH.jpg,Shiny golden tickets symbolizing a prize or winning, isolated on white background.  PNG transparent.
8,https://t4.ftcdn.net/jpg/09/76/09/37/360_F_976093714_RdfTnCUoYMtrUr3XmbxstkczYwJuLy1V.jpg,Clear glass teacup with red tea and a green leaf garnish, isolated on white.  PNG transparent.
9,https://t3.ftcdn.net/jpg/09/84/40/72/360_F_984407249_TjkyK6ggtVpbaCXVFDBgcjPHOtDIfLdr.jpg,Dried rose with faded colors, showing texture and aging petals, isolated on white background.  PNG transparent.
10,https://t4.ftcdn.net/jpg/09/84/40/71/360_F_984407194_tnKCnZpAdFj1iWW7d48CPqd9S1kCzvth.jpg,Dried rose with faded colors, showing texture and aging petals, isolated on white background.  PNG transparent.
11,https://t4.ftcdn.net/jpg/09/65/49/79/360_F_965497987_V1SEmo2JTxTMvfyKup1qGjRQHFAc0HQX.jpg,Hispanic male soccer coach in studio looking sideways with doubtful and skeptical expression.
12,https://t3.ftcdn.net/jpg/09/76/09/20/360_F_976092082_NiK3SUQFjRjKv30e1E4H2QcfMUlamUCd.jpg,A wedge of parmesan cheese with crumbled pieces, isolated on white background. PNG transparent.
13,https://t4.ftcdn.net/jpg/09/76/20/21/360_F_976202109_XbXkTRP1ypcp3uyQlXl79ZI5d01Vi8xJ.jpg,Bold black paint brush stroke isolated on a white background.  PNG transparent.
14,https://t4.ftcdn.net/jpg/09/76/09/33/360_F_976093378_yhWpLDpMXAPYmkOHgU7XyU75cczyEjMK.jpg,Slices of fresh aloe vera leaves isolated on white background.  PNG transparent.
15,https://t4.ftcdn.net/jpg/09/77/62/69/360_F_977626918_BAzZqLaLYB5LHmrrPLM3h8Ma2dh21juR.jpg,Fish and chips with golden fries on white background. PNG transparent.
16,https://t3.ftcdn.net/jpg/09/84/40/86/360_F_984408655_7MxvRdDpwQRNZfmg7piGz7RghKvq7eOq.jpg,Pink cotton candy on a stick, isolated on a white background. PNG transparent.
17,https://t3.ftcdn.net/jpg/09/84/40/86/360_F_984408698_HAfkd7UfQftdEtPLL5o7jytFP8igc1Ul.jpg,Four clear ice cubes in a row, isolated on a white background. PNG transparent.
18,https://t4.ftcdn.net/jpg/09/65/64/21/360_F_965642142_LPGjFXRbEsXiW5XUDfaWI6ltgGsCQ1Yp.jpg,Smiling baby in a red Christmas outfit and Santa hat crawling on a white background.  PNG transparent.
19,https://t4.ftcdn.net/jpg/09/84/40/95/360_F_984409582_E97spxTk6dtkr9B6Y9maQIXK6AkSTzyW.jpg,Swirls of orange paint with glossy texture on white background. PNG transparent.
20,https://t3.ftcdn.net/jpg/09/76/09/24/360_F_976092485_5HANwbGm5glaZiV1U16a2G2ZyeCzijnJ.jpg,Three teddy bears wearing Santa hats and scarves, sitting in a row, isolated on white background. PNG transparent.
21,https://t3.ftcdn.net/jpg/09/80/01/50/360_F_980015026_UP2ZadgPnitWtaxlsOKQLlHQuIkWWiGL.jpg,Planet Earth seen from space, isolated on a white background. PNG transparent.
22,https://t4.ftcdn.net/jpg/09/65/64/17/360_F_965641796_fhbm3X8FNytjXikCvbDhu6OFhyx2FDh6.jpg,Smiling child in a festive Christmas sweater and Santa hat holding a megaphone on a white background.  PNG transparent.
23,https://t4.ftcdn.net/jpg/09/65/49/81/360_F_965498160_N2OuuLkuXVbwLiMjISTaYXpxsPOUWN6T.jpg,Hispanic male soccer coach in studio showing a disappointment gesture with forefinger.
24,https://t4.ftcdn.net/jpg/09/77/62/45/360_F_977624582_9glcaDWUQFx0JuVXmb0nxWusMSTHoimn.jpg,Santa Claus jumping and celebrating with a joyful expression, arms raised, on a white background.
25,https://t3.ftcdn.net/jpg/09/65/64/16/360_F_965641624_GAvNB4XqR4nCJk1nAlg1p2S9G2Zwj3Nx.jpg,Smiling woman wearing a Santa hat holding a stack of Christmas gifts on a white background.  PNG transparent.
26,https://t4.ftcdn.net/jpg/09/77/62/69/360_F_977626907_EDpCGjV7ELhgwZOBWvugeglA8kUQYPDj.jpg,Realistic blood splatters of various sizes on white background. PNG transparent.
27,https://t4.ftcdn.net/jpg/09/65/64/21/360_F_965642112_Sv4rqXuE6e5Mzh5qvWuHtl1VvoHOLJtM.jpg,Plate filled with Christmas cookies, including gingerbread men, stars, and trees on a white background.  PNG transparent.
28,https://t3.ftcdn.net/jpg/09/65/49/92/360_F_965499259_z8wyzPw6rj27ERzd7o3pAyTMmidKmJ7U.jpg,Studio portrait of young Hispanic male with fingers on lips keeping a secret.
29,https://t3.ftcdn.net/jpg/09/77/62/70/360_F_977627039_o3tNdpMqKzxvyW8EW2Lz0aNZatLRVXMW.jpg,Wooden sign with snow and icicles on white background. PNG transparent.
30,https://t3.ftcdn.net/jpg/09/65/64/20/360_F_965642080_XWtoM7o6vXxYTM5YsCKobSyRMaStZjTT.jpg,Brown kraft paper gift box with red ribbon, open lid on a white background.  PNG transparent.
31,https://t4.ftcdn.net/jpg/09/65/49/67/360_F_965496785_63DotesgWiXDujnKSwRTkWaPLuDN3WLN.jpg,Simple portrait of a young Latina covering ears with fingers, stressed and desperate by a loudly ambient.
32,https://t4.ftcdn.net/jpg/09/76/20/21/360_F_976202132_LcbrDYlX4CDCk2VreNYnDbVMvAj67jqo.jpg,Bold black paint brush stroke isolated on a white background.  PNG transparent.
33,https://t3.ftcdn.net/jpg/09/76/20/18/360_F_976201894_R39ZlPA588kqidniUkMgpnXhHHXom3tE.jpg,Wrecked car with damaged front end isolated on a white background.  PNG transparent.
34,https://t3.ftcdn.net/jpg/09/76/09/30/360_F_976093012_hpwUIvaKFutsXkV94wRdQBu8JTbZGXMh.jpg,Happy woman in red Santa hat and shirt celebrating, isolated on white background. PNG transparent.
35,https://t3.ftcdn.net/jpg/09/65/64/12/360_F_965641246_linHrVT5s8pzky4VGwFMGglMow7pNVVy.jpg,Set of six hanging golden Christmas ornaments in different textures and patterns on a white background.  PNG transparent.
36,https://t4.ftcdn.net/jpg/09/65/50/05/360_F_965500551_YaYgy7C5EERgUFu0cd2ulTbhCirX96Yu.jpg,Hispanic male businessman with tablet in studio
37,https://t4.ftcdn.net/jpg/09/65/51/15/360_F_965511539_KVKbGjTrUBUH3mSCKpDYTf0AwbdqjGYk.jpg,Caucasian mid-age female in business suit suffering a back pain.
38,https://t4.ftcdn.net/jpg/09/76/20/19/360_F_976201900_S8iqmkRK7JB5rO4Eh8w4N2ukT91xWq3Q.jpg,Two old mobile phones, one black and one pink, isolated on a white background.  PNG transparent.
39,https://t3.ftcdn.net/jpg/09/65/64/20/360_F_965642086_tavLZzKVbyE3dnBuB1G5Qk5FjDiEaX2o.jpg,Christmas gift basket filled with assorted presents, wine, and festive treats on a white background.  PNG transparent.
40,https://t4.ftcdn.net/jpg/09/76/09/29/360_F_976092997_sM6KguPPy28cW7EWlRSDFqiU75eemCTr.jpg,Gingerbread star cookies decorated with white icing snowflakes, stacked on white background. PNG transparent.
41,https://t3.ftcdn.net/jpg/09/76/09/46/360_F_976094677_U09FzaTYZjePPQPR4h7cgRA6q3O4Mkht.jpg,Human hand with stop sign printed on the palm, isolated.  PNG transparent.
42,https://t4.ftcdn.net/jpg/09/65/64/15/360_F_965641554_s3UpRCChZwTi79KatXwCh1jjTwShoVeq.jpg,Shiny golden gift bow with textured ribbon loops on a white background.  PNG transparent.
43,https://t4.ftcdn.net/jpg/09/65/64/17/360_F_965641734_DIyn0F2UsqEeV8K6f1gU4mSTBH1aWIHo.jpg,Christmas garland with red and gold baubles, berries, and pinecones on a white background.  PNG transparent.
44,https://t3.ftcdn.net/jpg/09/65/49/56/360_F_965495655_yYzqiDA8xdWHjxOcL6V3mOC3EY0FLr70.jpg,Young Latina posing in studio showing strength gesture with arms, symbol of feminine power
45,https://t3.ftcdn.net/jpg/09/65/49/70/360_F_965497091_HMQqtM7RUMi4HcmvfD0RKNEzbNNuqlII.jpg,Young Latina businesswoman holding dollars in studio
46,https://t4.ftcdn.net/jpg/09/76/20/23/360_F_976202352_4Aqp85qUWrWA0R6M37ODiJapUx9yJSzL.jpg,Wooden sun lounger with beige cushions isolated on a white background.  PNG transparent.
47,https://t4.ftcdn.net/jpg/09/76/20/19/360_F_976201922_yUptHKGDImjA2NErNkfFWSkpFaWwZQrf.jpg,Eggs Benedict with hollandaise sauce isolated on a white background.  PNG transparent.
48,https://t3.ftcdn.net/jpg/09/76/09/22/360_F_976092220_KP5u9w0zoDvzWpf4uRogqA4vFh2iA80f.jpg,Hand placing a ballot into a voting box, isolated on white background. PNG transparent.
49,https://t3.ftcdn.net/jpg/09/76/09/46/360_F_976094671_iMEB5S3FJjdG9ihawSkhAvczvehxqCwY.jpg,Empty Polaroid photos hanging on a clothesline with clothespins.  PNG transparent.
50,https://t4.ftcdn.net/jpg/09/76/09/27/360_F_976092764_UF3buOAWpC6FcqU3QMn9Oy63iisBOA5d.jpg,Pine cones and green pine branches arranged together, isolated on a white background. PNG transparent.
51,https://t3.ftcdn.net/jpg/09/76/09/16/360_F_976091601_Yxe4KLGTRDyhwb2kujCpqieuY4MArzlc.jpg,Paintbrush with red paint on bristles, isolated on a white background. PNG transparent.
52,https://t3.ftcdn.net/jpg/09/76/20/14/360_F_976201405_aYCOoVjBDeptGe14Scn0P2orwkVAmfeD.jpg,Colorful parrot in flight isolated on a white background.  PNG transparent.
53,https://t4.ftcdn.net/jpg/09/65/49/63/360_F_965496325_oSgWNlho5PrbsSCtwgVW3iJa7Yb2vpiP.jpg,Latina sitting on floor in studio confused and doubtful shrugging shoulders to hold a copy space.
54,https://t3.ftcdn.net/jpg/09/65/64/20/360_F_965642070_K5rIt5pMstTx2cb19gtQGSiDE8NnY5vf.jpg,Golden champagne bottle lying horizontally on a white background.  PNG transparent.
55,https://t3.ftcdn.net/jpg/09/76/09/30/360_F_976093047_C9x3QYU7NmiaxyJACAnUZ9V0bOPTxcfq.jpg,Happy woman in red Santa hat and shirt celebrating, isolated on white background. PNG transparent.
56,https://t3.ftcdn.net/jpg/09/65/64/22/360_F_965642287_eenD8mO38nRBSYxoaxOHxa1QVYj7hFFi.jpg,Golden roasted Christmas turkey garnished with fruits and festive decorations on a white background.  PNG transparent.
57,https://t4.ftcdn.net/jpg/09/65/64/19/360_F_965641931_Tl9X1UhWIJAberuliwffsxImTQ0UPkft.jpg,Empty wicker basket with a decorative golden bow on a white background.  PNG transparent.
58,https://t4.ftcdn.net/jpg/09/76/20/17/360_F_976201728_ME0Gjxi5uRXeZ2AhhgDVjfi3Ng6Fz8UP.jpg,Scales of justice on top of stacked books isolated on a white background  PNG transparent.
59,https://t3.ftcdn.net/jpg/09/76/09/30/360_F_976093054_xtKvDwbGRseFV321CVVFFRbpT3RxyuNh.jpg,Shiny gold Christmas star ornament with sharp angles, isolated on a white background. PNG transparent.
60,https://t3.ftcdn.net/jpg/09/76/20/20/360_F_976202087_bLarQhdyZd6stXcwLHprzXlrMuSXAdon.jpg,Champagne bottle with splash isolated on a white background.  PNG transparent.
61,https://t4.ftcdn.net/jpg/09/76/09/31/360_F_976093124_buYRVxAoAqUdlU1xIma7zl4SpbhgnP4q.jpg,Red ribbon with gold trim, tied into an elegant bow, isolated on a white background. PNG transparent.
62,https://t3.ftcdn.net/jpg/09/76/09/28/360_F_976092898_6COlk9vJw0VIerlntt5XwiQ7reNa13cm.jpg,Holly branch with bright red berries and green leaves, isolated on white background. PNG transparent.
63,https://t3.ftcdn.net/jpg/09/76/09/24/360_F_976092432_SwdN7NhXz0gIdCuyfPqMe6A28oe8jpdM.jpg,Beautiful snow globe with a detailed Christmas village inside, surrounded by trees and snow. PNG transparent.
64,https://t3.ftcdn.net/jpg/09/65/64/20/360_F_965642033_6LnJdTklk2VJxYrYCXPIBP5Akc8O83yS.jpg,Close-up of holly leaves with red berries on a white background.  PNG transparent.
65,https://t4.ftcdn.net/jpg/09/76/09/27/360_F_976092747_esCL6H4zEguTmBlQTbkHPnOWrsgUxECy.jpg,Beautifully decorated Christmas tree with red and gold ornaments and gifts underneath. PNG transparent.
66,https://t3.ftcdn.net/jpg/09/76/09/44/360_F_976094481_JXeTIindlvNPhfj0LXgDhuTRqr05qlFU.jpg,Small cup of rich espresso coffee served in a white ceramic cup, top view.  PNG transparent.
67,https://t4.ftcdn.net/jpg/09/76/09/29/360_F_976092904_ev4jqJJbJRyr7PvkmoDdf0bt9ZnsvTKa.jpg,Three cats wearing Santa hats, sitting in a row, isolated on white background. PNG transparent.
68,https://t3.ftcdn.net/jpg/09/84/40/96/360_F_984409681_OqOXpXtovdJF7LnPXBYA7F69N2AplNjn.jpg,Floating red chili peppers on white background. PNG transparent.
69,https://t3.ftcdn.net/jpg/09/84/40/96/360_F_984409670_23nTmvq7lirOoCimvyyCgcVlpSdgDQ3M.jpg,White wolf with detailed fur on white background. PNG transparent.
70,https://t3.ftcdn.net/jpg/09/84/40/96/360_F_984409633_o2CgiA1FJkjl3Q4WLZpCRzhMWXcscYHp.jpg,Pile of golden French fries on white background. PNG transparent.
71,https://t4.ftcdn.net/jpg/09/84/40/95/360_F_984409509_hpMukkQ7wa4C2a7V9MjwlKulHwEybKjJ.jpg,Pile of golden French fries on white background. PNG transparent.
72,https://t3.ftcdn.net/jpg/09/84/40/94/360_F_984409437_ZaLmT2wAUvSY8H7iQKkwqrseFVhQ06SC.jpg,Whole and halved grapefruit with red pulp on white background. PNG transparent.
73,https://t3.ftcdn.net/jpg/09/84/40/94/360_F_984409420_FRKk220imriR3uSX5d5CKtMhfJKM8BFB.jpg,Swirls of orange paint with glossy texture on white background. PNG transparent.
74,https://t3.ftcdn.net/jpg/09/84/40/94/360_F_984409402_yzoerl1xatxPYpKuZVAbmb2X1HCiVfnI.jpg,Golden chanterelle mushrooms with detailed gills on white background. PNG transparent.
75,https://t4.ftcdn.net/jpg/09/84/40/93/360_F_984409360_sBaSISxzsgdmBGcVufHgEPMLzg3cH2AK.jpg,Close-up handshake between two people in business suits on white background. PNG transparent.
76,https://t3.ftcdn.net/jpg/09/84/40/90/360_F_984409061_yB4XI1r4hsKKhAYLfhrs5IiEIs550fC9.jpg,Red pacifier with silicone nipple on white background. PNG transparent.
77,https://t3.ftcdn.net/jpg/09/84/40/90/360_F_984409054_q7ACp2LcexuF9VoCZHmGxxLi0g01YUtQ.jpg,Red pacifier with silicone nipple on white background. PNG transparent.
78,https://t3.ftcdn.net/jpg/09/84/40/90/360_F_984409019_1Rx7v0eIR5kTUp8nwyze0PuHOYLFuMvW.jpg,Sleek red and white tour bus in profile on white background. PNG transparent.
79,https://t4.ftcdn.net/jpg/09/84/40/87/360_F_984408737_HSN7buKgMOnqlmZJTTiKtNpgsuaF44fR.jpg,Pink cotton candy on a stick, isolated on a white background. PNG transparent.
80,https://t4.ftcdn.net/jpg/09/84/40/87/360_F_984408733_Npc2IpFstorKsudeGIZEwUbOOZOtELBF.jpg,Golden churros covered in sugar, isolated on a white background. PNG transparent.
81,https://t4.ftcdn.net/jpg/09/84/40/87/360_F_984408716_2LhZ9gC4BcVU8ABFgrzmInY23Tyamfjv.jpg,Four clear ice cubes in a row, isolated on a white background. PNG transparent.
82,https://t4.ftcdn.net/jpg/09/84/40/87/360_F_984408712_LcEE8LerfI8UJrpqjlI6Eq3KFxuUrVYK.jpg,Single cannabis leaf isolated on a white background. PNG transparent.
83,https://t4.ftcdn.net/jpg/09/84/40/87/360_F_984408704_beIs0GTjeGLfMVnDKm4ReAydWFfvW4Jt.jpg,Large pile of U.S. dollar bills stacked in a heap, isolated on a white background. PNG transparent.
84,https://t3.ftcdn.net/jpg/09/84/40/86/360_F_984408684_Z8gJdgU8X12jqxk2W1VaJrbyFREFq12T.jpg,Four clear ice cubes in a row, isolated on a white background. PNG transparent.
85,https://t3.ftcdn.net/jpg/09/84/40/86/360_F_984408681_ooBNEJqJU6OfKUVULwVwP8x4NycQojrf.jpg,Three metal gears arranged on a white background. PNG transparent.
86,https://t3.ftcdn.net/jpg/09/84/40/86/360_F_984408674_nYTAQhwQ15ai5vRHC0oBIdIIADrod2KK.jpg,Four clear ice cubes in a row, isolated on a white background. PNG transparent.
87,https://t3.ftcdn.net/jpg/09/84/40/86/360_F_984408673_38jQePT2aKsDGboxpi3VomoWHoH5XHL8.jpg,Golden churros covered in sugar, isolated on a white background. PNG transparent.
88,https://t3.ftcdn.net/jpg/09/84/40/86/360_F_984408669_JA9byqESOBotnyxrsJBrqGjyp7Zty44L.jpg,Pink cotton candy on a stick, isolated on a white background. PNG transparent.
89,https://t3.ftcdn.net/jpg/09/84/40/86/360_F_984408667_zSMJ5wbKNSlAtnmiJePOR7NjqNZjsZmf.jpg,Golden churros covered in sugar, isolated on a white background. PNG transparent.
90,https://t3.ftcdn.net/jpg/09/84/40/86/360_F_984408666_3CAlldWCcWW0zUrKpDzZzwrXVvp35h4L.jpg,Black wired microphone with cable isolated on a white background. PNG transparent.
91,https://t3.ftcdn.net/jpg/09/84/40/86/360_F_984408659_xNSFprZnptBgpWpP2EWE1QTLbbtJ56nX.jpg,Black wired microphone with cable isolated on a white background. PNG transparent.
92,https://t3.ftcdn.net/jpg/09/84/40/86/360_F_984408638_hhn3PiXbfb9aYzxPTVdBKigLBLUKEhN3.jpg,Two cannabis leafs isolated on a white background. PNG transparent.
93,https://t3.ftcdn.net/jpg/09/84/40/86/360_F_984408636_fdeic7yoFfldKp63HUnQ3kmoBaPONVr2.jpg,Large pile of U.S. dollar bills stacked in a heap, isolated on a white background. PNG transparent.
94,https://t3.ftcdn.net/jpg/09/84/40/86/360_F_984408626_ipGwdVhiuVnzbH1o4NpW8HDxDfhl4Ccg.jpg,Large pile of U.S. dollar bills stacked in a heap, isolated on a white background. PNG transparent.
95,https://t3.ftcdn.net/jpg/09/84/40/86/360_F_984408620_d1FJtQAVa6RJh4S9e2kS27X04VMDJ1EP.jpg,Cannabis plant with buds and leaves, isolated on a white background. PNG transparent.
96,https://t3.ftcdn.net/jpg/09/84/40/86/360_F_984408614_yssga3sVwv1GQ1AYGieh64ob8agmA0nm.jpg,Three metal gears arranged on a white background. PNG transparent.
97,https://t3.ftcdn.net/jpg/09/84/40/86/360_F_984408610_Qv1WgDQBxyOqJXEjZyXjZyeOTXSCrOzx.jpg,Damaged car with a crumpled front bumper, isolated on a white background. PNG transparent.
98,https://t3.ftcdn.net/jpg/09/84/40/86/360_F_984408602_nRwchcfTrdj9FH5BlwxcmaiKy15CCZAY.jpg,Stack of Christmas presents wrapped with red and green ribbons, isolated on a white background. PNG transparent.
99,https://t3.ftcdn.net/jpg/09/84/40/86/360_F_984408601_C7ynBLB65g3pHL7g8a3lQA1q6IbsORa3.jpg,Full moon with visible craters, isolated on a white background. PNG transparent.
100,https://t4.ftcdn.net/jpg/09/84/40/85/360_F_984408593_UtVy9wGbRweQvqIPRYry7TTMTS7taTqG.jpg,Full moon with visible craters, isolated on a white background. PNG transparent.